"","NR","WR","SR","ER","NER","TOTAL"
"Demand Met during Evening Peak hrs(MW) (at 1900 hrs; from RLDCs)","34583","32647","32373","15197","2099","116899"
"Peak Shortage (MW)","534","0","0","0","59","593"
"Energy Met (MU)","665","872","815","329","36","2717"
"Hydro Gen (MU)","146","36","72","43","3","300"
"Wind Gen (MU)","14","52","27","-","-","92"
"Solar Gen (MU)*","44.27","28.70","88.76","4.65","0.03","166"
"Energy Shortage (MU)","10.2","0.0","0.0","0.0","1.2","11.3"
"Maximum Demand Met During the Day (MW) (From NLDC SCADA)","35163","39431","39412","15356","2184","119829"
"Time Of Maximum Demand Met (From NLDC SCADA)","19:37","07:19","14:38","00:06","18:32","09:29"
