"","NR","WR","SR","ER","NER","TOTAL"
"Demand Met during Evening Peak hrs(MW) (at 1900 hrs; from RLDCs)","35178","33510","32272","16574","1918","119452"
"Peak Shortage (MW)","648","0","0","0","300","948"
"Energy Met (MU)","694","890","765","343","27","2717"
"Hydro Gen (MU)","140","41","66","51","3","301"
"Wind Gen (MU)","15","27","33","-","-","75"
"Solar Gen (MU)*","40.54","26.90","90.58","4.67","0.04","163"
"Energy Shortage (MU)","8.1","0.0","0.0","0.0","9.1","17.2"
"Maximum Demand Met During the Day (MW) (From NLDC SCADA)","35604","39706","35579","16777","1937","121381"
"Time Of Maximum Demand Met (From NLDC SCADA)","19:59","07:12","13:25","20:44","18:45","19:49"
