"","NR","WR","SR","ER","NER","TOTAL"
"Demand Met during Evening Peak hrs(MW) (at 2000 hrs; from RLDCs)","36791","35747","32737","16261","2045","123581"
"Peak Shortage (MW)","512","0","0","0","62","574"
"Energy Met (MU)","716","909","822","338","34","2819"
"Hydro Gen (MU)","154","54","87","50","4","348"
"Wind Gen (MU)","7","47","30","-","-","84"
"Solar Gen (MU)*","41.95","27.60","88.39","4.53","0.05","163"
"Energy Shortage (MU)","9.6","0.0","0.0","0.0","1.3","10.9"
"Maximum Demand Met During the Day (MW) (From NLDC SCADA)","37592","40532","37397","16834","2116","124869"
"Time Of Maximum Demand Met (From NLDC SCADA)","19:59","06:59","09:48","20:25","19:18","19:35"
