"","NR","WR","SR","ER","NER","TOTAL"
"Demand Met during Evening Peak hrs(MW) (at 1900 hrs; from RLDCs)","34633","33211","32884","16450","2196","119374"
"Peak Shortage (MW)","509","0","0","0","28","537"
"Energy Met (MU)","662","869","860","331","35","2757"
"Hydro Gen (MU)","145","35","67","45","3","296"
"Wind Gen (MU)","14","40","25","-","-","79"
"Solar Gen (MU)*","39.11","28.50","83.09","4.83","0.03","156"
"Energy Shortage (MU)","9.6","0.0","0.0","0.0","0.4","10.0"
"Maximum Demand Met During the Day (MW) (From NLDC SCADA)","35652","39052","41859","16480","2233","123196"
"Time Of Maximum Demand Met (From NLDC SCADA)","19:49","07:18","13:55","19:19","18:45","09:26"
