"","NR","WR","SR","ER","NER","TOTAL"
"Demand Met during Evening Peak hrs(MW) (at 1900 hrs; from RLDCs)","28344","31372","35444","16986","2218","114364"
"Peak Shortage (MW)","463","0","0","0","28","491"
"Energy Met (MU)","623","802","910","334","36","2705"
"Hydro Gen (MU)","154","31","83","49","4","322"
"Wind Gen (MU)","26","55","36","-","-","118"
"Solar Gen (MU)*","35.36","28.12","97.67","4.74","0.04","166"
"Energy Shortage (MU)","9.5","0.0","0.0","0.0","0.8","10.2"
"Maximum Demand Met During the Day (MW) (From NLDC SCADA)","32267","36473","42849","16827","2249","123088"
"Time Of Maximum Demand Met (From NLDC SCADA)","19:31","07:30","10:43","19:01","18:20","09:28"
