"","NR","WR","SR","ER","NER","TOTAL"
"Demand Met during Evening Peak hrs(MW) (at 1900 hrs; from RLDCs)","34047","32350","35012","16446","2142","119997"
"Peak Shortage (MW)","539","0","0","80","50","589"
"Energy Met (MU)","651","858","908","340","34","2791"
"Hydro Gen (MU)","139","45","89","49","3","325"
"Wind Gen (MU)","8","39","26","-","-","74"
"Solar Gen (MU)*","37.35","28.32","88.61","4.73","0.04","159"
"Energy Shortage (MU)","9.8","0.0","0.0","0.2","0.9","10.9"
"Maximum Demand Met During the Day (MW) (From NLDC SCADA)","34748","39333","41525","16528","2207","125113"
"Time Of Maximum Demand Met (From NLDC SCADA)","19:32","07:23","09:51","19:26","18:31","09:25"
