"","NR","WR","SR","ER","NER","TOTAL"
"Demand Met during Evening Peak hrs(MW) (at 1900 hrs; from RLDCs)","32699","32386","34817","16596","2180","118678"
"Peak Shortage (MW)","1026","0","0","0","40","1066"
"Energy Met (MU)","638","822","903","333","35","2731"
"Hydro Gen (MU)","150","44","87","48","4","332"
"Wind Gen (MU)","12","46","31","-","-","89"
"Solar Gen (MU)*","45.80","29.30","90.17","4.68","0.04","170"
"Energy Shortage (MU)","10.2","0.0","0.0","0.0","0.8","11.0"
"Maximum Demand Met During the Day (MW) (From NLDC SCADA)","33463","37418","42349","16707","2260","123307"
"Time Of Maximum Demand Met (From NLDC SCADA)","19:41","07:15","10:44","20:52","18:21","09:22"
