"","NR","WR","SR","ER","NER","TOTAL"
"Demand Met during Evening Peak hrs(MW) (at 1900 hrs; from RLDCs)","33772","32493","35880","16574","2032","120751"
"Peak Shortage (MW)","541","0","0","0","159","700"
"Energy Met (MU)","653","846","917","337","34","2787"
"Hydro Gen (MU)","151","40","86","48","3","328"
"Wind Gen (MU)","8","43","30","-","-","81"
"Solar Gen (MU)*","46.41","29.50","94.71","4.69","0.01","175"
"Energy Shortage (MU)","12.8","0.0","0.0","0.0","1.5","14.3"
"Maximum Demand Met During the Day (MW) (From NLDC SCADA)","34519","38458","42789","16681","2013","125817"
"Time Of Maximum Demand Met (From NLDC SCADA)","19:31","07:19","10:32","21:29","18:41","19:47"
