"","NR","WR","SR","ER","NER","TOTAL"
"Demand Met during Evening Peak hrs(MW) (at 1900 hrs; from RLDCs)","25947","31192","35205","16768","2215","111327"
"Peak Shortage (MW)","501","0","0","0","41","542"
"Energy Met (MU)","579","781","900","333","36","2629"
"Hydro Gen (MU)","158","27","73","41","4","304"
"Wind Gen (MU)","4","34","39","-","-","76"
"Solar Gen (MU)*","45.34","29.90","98.22","4.59","0.04","178"
"Energy Shortage (MU)","7.4","0.0","0.0","0.0","0.5","7.8"
"Maximum Demand Met During the Day (MW) (From NLDC SCADA)","31196","35593","42125","16912","2203","117761"
"Time Of Maximum Demand Met (From NLDC SCADA)","19:52","07:43","09:42","20:26","18:36","19:47"
