"","NR","WR","SR","ER","NER","TOTAL"
"Demand Met during Evening Peak hrs(MW) (at 1900 hrs; from RLDCs)","33660","32845","33743","15927","2098","118273"
"Peak Shortage (MW)","454","0","0","0","53","507"
"Energy Met (MU)","649","853","880","337","33","2752"
"Hydro Gen (MU)","140","46","80","49","4","319"
"Wind Gen (MU)","23","46","28","-","-","97"
"Solar Gen (MU)*","37.87","29.30","83.68","4.63","0.02","156"
"Energy Shortage (MU)","7.5","0.0","0.0","0.0","0.3","7.8"
"Maximum Demand Met During the Day (MW) (From NLDC SCADA)","34341","38791","42272","16497","2140","124444"
"Time Of Maximum Demand Met (From NLDC SCADA)","19:36","07:08","11:59","20:12","18:36","09:43"
