"","NR","WR","SR","ER","NER","TOTAL"
"Demand Met during Evening Peak hrs(MW) (at 1900 hrs; from RLDCs)","34831","34691","29496","15952","2101","117071"
"Peak Shortage (MW)","483","0","0","0","104","587"
"Energy Met (MU)","674","888","778","321","33","2695"
"Hydro Gen (MU)","141","37","62","47","3","291"
"Wind Gen (MU)","12","38","36","-","-","85"
"Solar Gen (MU)*","42.74","28.60","82.52","4.68","0.04","159"
"Energy Shortage (MU)","9.6","0.0","0.0","0.0","3.0","12.6"
"Maximum Demand Met During the Day (MW) (From NLDC SCADA)","35668","38884","36037","16324","2195","118587"
"Time Of Maximum Demand Met (From NLDC SCADA)","19:34","07:08","12:54","20:26","18:45","09:15"
