"","NR","WR","SR","ER","NER","TOTAL"
"Demand Met during Evening Peak hrs(MW) (at 2000 hrs; from RLDCs)","37306","36205","34318","17007","2191","127027"
"Peak Shortage (MW)","865","0","0","0","27","892"
"Energy Met (MU)","744","924","844","364","37","2913"
"Hydro Gen (MU)","171","48","86","51","4","360"
"Wind Gen (MU)","35","53","29","-","-","117"
"Solar Gen (MU)*","34.79","28.09","91.43","4.55","0.04","159"
"Energy Shortage (MU)","10.0","0.0","0.0","0.0","0.6","10.6"
"Maximum Demand Met During the Day (MW) (From NLDC SCADA)","38421","40684","38742","17136","2273","129235"
"Time Of Maximum Demand Met (From NLDC SCADA)","19:59","06:57","13:42","22:00","18:37","22:13"
